{"cameraMode":{"drawMode":0,"name":"Shaded","section":"Shading Mode"},"sceneLighting":true,"audioPlay":false,"sceneViewState":{"showFog":true,"showMaterialUpdate":false,"showSkybox":false,"showFlares":true,"showImageEffects":true,"showParticleSystems":true},"in2DMode":false,"pivot":{"x":0.7643139362335205,"y":1.2578312158584595,"z":2.0522892475128176},"rotation":{"x":-0.15560759603977204,"y":-0.02904135175049305,"z":0.004577651619911194,"w":-0.9873895049095154},"size":2.617668390274048,"orthographic":false}